acronym,num_different_expansion
"UDP",1
"PPAF",1
"TMIV",1
"TUA",2
"AVS",1
"HOMA 2",1
"CaMa",1
"Sinasc",1
"IIEC",1
"EVN",1
"ESUS",1
"MHSO",1
"RIC",3
"SIS",2
"VA",1
"BAI",1
"HADS",3
"TIG",1
"S. T.",1
"CEA",2
"N.D.G.A.",1
"VPPB",2
"PSC",1
"ERCA",2
"TCI",1
"atPIG",1
"TTT",1
"CVCs",1
"ANCA",8
"NNE-GEP",1
"CEP",1
"SAMe",1
"BPN",1
"ERSPC",1
"QLAD",1
"RSN",2
"AEHH",2
"TRA",2
"GOLD",2
"CS",7
"PEG",3
"ADA",3
"RS",2
"RVS",1
"IgG",1
"SEICAP",2
"DDD",1
"CAR",2
"G%",1
"UDVP",2
"EEE",1
"H.P.I.",1
"SWFL",1
"UCI",3
"CGE",1
"RN",4
"CIE",3
"EH",3
"UDG",1
"SCA",2
"EK",2
"KOOS",1
"GRD",3
"CEFEN",1
"APLV",2
"PRUQ",1
"SAHOS",1
"VADS",1
"ACE",4
"MAO",1
"CI",8
"CC",11
"RENAC",2
"IEI",1
"CVP",2
"ASRS",1
"NIC",2
"SAAa",1
"PA-HBsAg",1
"WISC III",1
"EAT-10",1
"PTFE",1
"EMB",2
"AENP",1
"TAIA",1
"DC",4
"VAU",1
"VPP",1
"RAR",1
"EAS",1
"NEA",1
"ET",3
"SLA",1
"RP",3
"MTHFR",3
"pre-",1
"AJCC",1
"EMRR",2
"FOI-MM",1
"SLP",2
"CMB",1
"EAU",1
"AFO",1
"MC",5
"Rusia",1
"ACV",3
"MMSE",4
"PCAT",1
"MDC",1
"HVI",1
"EVS",1
"NPT",3
"R.A.B.D.H.",1
"ACCGED",1
"SETH",1
"CP",3
"AZT",1
"PHMB",1
"ECAAM",1
"RE",2
"VPR",1
"EP",7
"CMT",1
"VHG",1
"Nemata",1
"POSIT",1
"VBH",1
"PMN",1
"STAI",2
"AAD",1
"DA",2
"TLI",1
"PPI",2
"Rop/Dx",1
"MI",2
"GGPH",1
"VHS",3
"REMAH",1
"CDMX",1
"SF",1
"TMI",3
"SEN",4
"SAF",2
"CRPCE",1
"PN",2
"TMP",1
"NECT",1
"RNMBP",1
"BUN/Cr",1
"Cr",2
"OPS",1
"ECLAMC",2
"ARH2",1
"ITUS",1
"Psq",1
"MAPA",3
"smf",1
"GCCB-S",1
"ELA",2
"IFN-gamma",1
"YPAS",1
"OC",3
"ITS",2
"CD",2
"U.P.I.G.O.",1
"TCNA",1
"MUE",1
"INR",2
"PEATC",2
"DT2",2
"AOC",1
"MIP",1
"VHC",3
"EMT",1
"CAU",1
"SOH",1
"CTC",2
"ENSE",1
"IEOFR",1
"HIA",1
"AIVD",1
"CAT",2
"ITU",2
"HG",2
"CRM",3
"ERIS",1
"VRI",1
"IAM CEST",1
"HbF",1
"NCI",1
"TANIT",1
"GPC",2
"HDM",1
"S.N.M.",1
"FHIS",1
"CF",5
"LAT",1
"UTN",1
"S-M",1
"PM(2,5)",1
"GEO",1
"SRA",1
"HaD",2
"TTP",1
"NH",1
"T.P.I.",1
"HAP",1
"BIC",1
"L.E.S.",1
"SCOPA-Cog",1
"IC95",1
"SMAQ",1
"CCI",4
"DDI",1
"NET",2
"LNH",3
"SoCMUE",2
"EAEAE",1
"H-LDL",1
"GOT",1
"FE",2
"AGEMZA",1
"H.P.",2
"VSP-A",2
"TRS",4
"RTA",2
"DCF",1
"iam",1
"GNAPE",1
"NLDV",1
"PAM",2
"ITL",1
"ITcc",2
"FRX",1
"ODS",1
"IMIP",1
"SENC",1
"TFGe",1
"SFC",1
"MSHAQ",1
"PMIT",1
"EXIT",1
"AME",1
"II",10
"EF",5
"FIVTE",1
"GEMPO",1
"SEIMC",2
"AMG",1
"CMI",2
"CG",2
"AUDIT-C",1
"GPG",1
"BLEE",2
"TCC",3
"V.P.T.E.",1
"ATR",2
"CEIC",2
"RHA",1
"DF",3
"EIA",2
"PVE",1
"SCORE",1
"NSE",1
"EIICEA",1
"IMs",1
"TEP",1
"DE",12
"ENP",1
"IEF",1
"IgE",1
"ACR",2
"NAV",1
"SDTA",1
"ONGD",1
"CLE",1
"LMC",2
"CNI",1
"Hb A2",1
"des",1
"TLIV",1
"CBI",1
"SAAS",1
"VP",1
"NPI-Q",1
"PET/TC",1
"ASCA",1
"COMIET",1
"PRL",2
"CCUSG-061",1
"PHA",1
"RCEI",1
"FX",1
"DREEM",1
"HSH",1
"MRC",2
"IUE",2
"ADAS",1
"ALA",1
"FL",1
"ROC",4
"STFF",1
"T.A.C.",1
"SEEN",1
"DM",6
"CIRC",1
"CIR",1
"PubMed",1
"IC 95%",8
"SPI",1
"EHGNA",3
"MDR",3
"TARVAE",1
"OCic",1
"EC",12
"ITA",1
"AMPA",2
"RDG",1
"REDIP",1
"OMS",2
"Venezuela",1
"SUDEP",1
"NIA",1
"AT",5
"RBZDs",1
"ECTC",1
"MNA",4
"FRCV",1
"DBC",1
"EV",3
"PEVAC",2
"BEP",1
"REPIR",1
"EO",4
"IL-10",1
"EEV",1
"IN",1
"QSM",1
"LMA",2
"PPCI",1
"IRSPC",1
"HPRT",1
"HO",1
"HC",4
"EPG",1
"IC",7
"NO",2
"CITBM",1
"DP",3
"TAD",2
"MSC",2
"VFC",1
"EVMAC",1
"ARCI",1
"CTR",1
"PGN",1
"NDPD",1
"CHCV",1
"V.P.H.",1
"GMF",1
"BPT",2
"MTX",1
"P.C.P.",1
"V.C.O.",1
"IADS",1
"EN",4
"EQ-5D",1
"LH",1
"AGA",1
"CA",5
"ALT",1
"EIE-R",1
"HAD",2
"DMID",1
"CAMCOG-DS",1
"GC",3
"RCV",1
"AAS",3
"REV-H-30d",1
"ABQ",1
"DO",2
"CAE",1
"TTPa",2
"ACE-R",1
"IT",3
"IDH",1
"HUSC",1
"LME",2
"LEPR",1
"MIAP",1
"RNP-BP",1
"EDTA",1
"E.P.R.",1
"FC",6
"GB",1
"Red INMA",2
"RPa",2
"Sinais",1
"TMA",1
"AVE",1
"USE",1
"DIB-R",1
"AVAD",1
"CAS",1
"PA",3
"E12",1
"PRP",1
"NAA",2
"IAUC",1
"DAR",1
"LRA",1
"AL",3
"POCS",2
"SaAP",1
"y II",6
"PLEDs",1
"AV",3
"IR",6
"SARM",3
"GEMI",2
"FORMIR",1
"5-FU",2
"TB-DI",1
"SUH",5
"GCP",1
"IVE",1
"ICAM-1",1
"CID",1
"ACSC",1
"APOE",1
"UDH",1
"HAP-P",1
"GesEPOC",3
"GABA",1
"eTFG",1
"SWLS",1
"AUDIT",1
"PCR-us",2
"PEPs",1
"LPS",2
"GMSI",2
"LC",3
"FA",2
"VitD",1
"PNAnc",1
"H.A.C.R.E.",2
"EA-EPOC",1
"PTTG",1
"VC",1
"FQ",1
"VP+",1
"EA",8
"HACRE",1
"DI",2
"EsC",1
"GBM",1
"SDRA",3
"FSR",1
"RVA",1
"SSN",1
"ZSO",1
"ENSIN 2010",2
"ITK",1
"T@M",2
"DG",2
"HBPM",1
"TA",4
"AEH",1
"BSF",1
"ACSA",1
"SCV",1
"ROP",2
"as",2
"IFI",2
"DSD",1
"CB",5
"CN",2
"SEDAR",3
"AIT",2
"RedMIVA",1
"TVU",1
"GINA",2
"DCP",1
"OAH",1
"CPRC",1
"DCL",2
"OD",2
"SEAN",1
"RICVAL",1
"MSII",1
"LS",1
"SEHAN",1
"ISP",2
"PEITHO",1
"CMC",2
"ALEH",1
"M.P.A",1
"BN",1
"LDCBG",1
"AF",3
"VGE",1
"STE",1
"LCA",1
"IgIV",2
"copep-es",1
"CHIK",1
"GEIPC",1
"MPGC",1
"APROC",1
"GT-CMP",1
"RAD",1
"VNI",1
"LES",2
"RH"",1
"TI",3
"PCCE-H",1
"MIPSE",1
"SAS",3
"EFAM",1
"GLOMANCHA",1
"S.R.E.",1
"DMAE",1
"D. P.",1
"TN",2
"CME",1
"TNasa",1
"MGMT",1
"SECCV",1
"TMCL",1
"Mp",1
"CIN III",1
"SER",1
"A/C",1
"R.G.E.",1
"MST",1
"UF",2
"PGR",1
"CCU-112",1
"FI",2
"ESPIDEP",1
"MAR",1
"Ensanut MC",2
"NPI-NH",1
"TEA",3
"AcMo",1
"CCAA",1
"SEM",3
"HSA",1
"DN",2
"FNT–alfa",1
"EICIG",1
"SAD",1
"EAONO",1
"FLANC",1
"ICC",2
"PAAF",3
"SOD",1
"cLDL",1
"DDA",1
"TES",2
"D-D",1
"ECAVIPEP",1
"EMA IgA",1
"MDA",1
"ENN",1
"IGU",1
"TAP",2
"VD",2
"IMC",4
"EDC",1
"TE",2
"PVMD",1
"TRE",1
"PAI",2
"EK2",1
"TD",2
"SEPAR",2
"M-PTH",1
"CM",1
"VICNA",1
"LAL",3
"DMT2",1
"CIE-9",1
"LIEBG",1
"MIP-1β",1
"VIH",6
"SDOM",1
"CCU",3
"SIDA",8
"CV",6
"CIP",1
"T.E.C.",3
"AAO-HNS",1
"SAMFYC",1
"SENPE",2
"Decapoda",3
"PEF",1
"ATP",2
"EPI",3
"MPA",1
"HPN",2
"HICI",1
"FETI",1
"PSH",1
"STC",2
"S.F.A",1
"AFP",4
"PM10",2
"BNB",1
"SVGE",1
"FP",2
"FRR",1
"IFH",1
"ARIA",2
"MCP-1",1
"MFyC",1
"GOB",1
"ERI",1
"BBAQ",1
"SGNC",1
"LAH",1
"T.V.S.I.",1
"BICI",1
"SOL",1
"ECOSIAC",1
"MONIN",1
"E.C.G.",1
"ESO",2
"FID",1
"LIHC",1
"PCR",3
"C/T",1
"LBA",1
"GTU",1
"NYHA",1
"RISC II",1
"PVC",1
"RHAI",1
"PEL",2
"GNMP",1
"EQUIHP",1
"CSA",1
"PSRs",1
"GLI",1
"GBA",1
"DM1",2
"DR",1
"SNSE",1
"TIC",1
"INMA",1
"IC-SOHO",1
"NACS",1
"PNED",1
"TFD",1
"BSSS",1
"cHDL",1
"CPCs",1
"ECO",1
"CR",1
"FS",1
"HChr",1
"CIRH",1
"TAES",1
"NIAD",1
"vih",1
"LIEAG",1
"ATI°",1
"IVUCU",1
"ADE",2
"EBA",2
"MINI",1
"BEDS",1
"PRUNAPE",1
"EW",1
"MIV",1
"p=&lt",1
"MN",2
"DMBA",1
"AINES",1
"CEIm",1
"CGD",1
"H.P.N",1
"SAHS",8
"RAFI",1
"zIMC",1
"DNO",1
"TCCC",1
"AI",2
"TGO",1
"SAETA",1
"CIH",1
"IAC",1
"LNI",2
"GEP",1
"PROA-NEN",1
"Vit-D",1
"CHMSS",1
"MIS",2
"TGT",1
"G6FD",1
"Gln",1
"UCAD",1
"MS",1
"EPA",2
"NF1",2
"ECOE",2
"SUN",1
"DAP-HS",1
"DCI",1
"NIHSS",1
"FNf",1
"FNA",1
"ADM",2
"NNT",1
"AEPAP",1
"CE",3
"NGPP",1
"SMS",2
"España",4
"EQ",1
"Se",1
"SV",1
"CMJ",1
"RM",6
"MPO",1
"HPB",1
"ARA2",1
"GOS",1
"LRINEC",1
"CMN",1
"TW",1
"GENTE",1
"ECA",9
"SFH",2
"QTa",1
"RNPT",1
"HTA",2
"TGA",1
"CRA",1
"SSp",1
"SSPA 7",1
"CET",1
"DIS-III-R",1
"IRA",4
"Tnc T-es",1
"NLPC",1
"OP",1
"GEMEBA",1
"H-RP",1
"SERVEI",1
"IL-1 beta",1
"UDAI",1
"TARGA",2
"SPN",1
"PE",2
"VINCat",1
"t/b",1
"BCCU",1
"L.C.R.",2
"IATTGI",1
"HE",1
"NMP",1
"AFHAP",1
"TVI",1
"SOCHMEDEP",1
"FG",2
"MPD",1
"VHS II",1
"ABC",1
"ME",1
"CHCC",1
"ECG-IC",1
"MMPI-2",1
"PESS",1
"ECG",2
"Tg/c-HDL",1
"PIVh",1
"ES",1
"LEP",2
"SEP",1
"M-30d",1
"E.C.E.P.",1
"GEN-VN",1
"SP+O",1
"DBCH",1
"CCC",4
"TRRC",2
"SENFC",2
"UE",1
"NACTA",1
"PAB",1
"KADDS",1
"ERC",4
"MOR",1
"VCT",1
"IGP",1
"FAVIDE",1
"IEOF-ID",1
"OR",5
"ESTA",1
"FETO",1
"REVERSE",1
"LT",2
"UACJ",1
"SC",3
"VCMP",1
"AcM",1
"HNERM",2
"casos",1
"TMB",1
"CFCA",1
"GEODA",1
"IIEF",1
"EPS",2
"PXG",1
"CPRE",3
"Minsa",1
"SBC",1
"SP",1
"AINE",3
"MM",3
"ETM",1
"LAP",3
"SEMI",1
"SDG",1
"NE",3
"Piscis",1
"ATM",3
"HBP",3
"CAVC",1
"TVNMI",1
"ENO",1
"PAOP",1
"SDS",1
"DTUI",1
"IVA",1
"CCP",2
"SSJ",1
"VFP",2
"CEFYDEM",1
"PTDO",1
"IOP",1
"IOM",2
"ETV",2
"SDU",1
"SM",4
"CPP",1
"SOCALPAR",2
"GETECCU",2
"STIR",1
"FOO",1
"IgAs",1
"VR",1
"PAPPS",1
"HVB",1
"LACRE",1
"I-V",1
"AOF",1
"HSRV",1
"NF2",1
"HR",2
"FIAB",1
"AGS",1
"AELO",1
"Viannia",1
"EHNA",1
"EGI",2
"MFM",1
"HS20",1
"DIU",2
"DERTA",1
"S.I.D.A.",1
"FMIC",1
"KDPI",1
"LA",2
"DB",1
"SNG",2
"PMM",1
"RESI-M",1
"Neumosur",1
"ISAK",2
"MED",1
"FRS",1
"FIQ",1
"CNS",1
"EDSS",1
"MTA",1
"TB",1
"AVAC",3
"QUALIDIAB",1
"CuSum",1
"SSSN",1
"pacientes",1
"AFC",2
"ULM",1
"CASRM",1
"FOI",1
"bpm",1
"SEUS",1
"MNT",1
"SEUP",1
"PNCT",1
"ALECT2",1
"LOLA",1
"XC",1
"HSDC",1
"EEI",2
"EDL",1
"WPW",3
"AC-VIH",1
"Ara-C-AD",1
"AIDL",1
"DPCA",1
"DMPT",1
"RIA",2
"LLC",2
"SPC",2
"MD",4
"RTNHF",1
"PDF",1
"CT",4
"PR",3
"TS",1
"EMJ",1
"IIS",1
"MARS",1
"GIST",4
"PIDA",1
"P.R.",1
"SG",3
"SMSL",1
"IMID",1
"ICSI",3
"ENNyS",1
"IA",4
"BMQ",1
"GESEPOC",1
"anti-H1",1
"HUC",1
"EAI",1
"AA",4
"sic.",1
"EEG",3
"TCS",1
"DESA",1
"TDAH",6
"RAHP",1
"VCN13",1
"SGLT2",1
"ECV",4
"DACBI",1
"ONT",1
"TASPE",1
"TUNA",1
"IDPN",1
"RA",3
"LLA",3
"ZMCM",1
"PT",1
"END",1
"DMRE",1
"URS",2
"DAS",2
"Ft",1
"CdV",1
"VGA",1
"GCA",1
"L.P.C.",1
"HMO",1
"P/E",1
"SEPHO",1
"HHM",2
"CPNM",1
"GEIDAC",1
"PCT",4
"VHE",1
"SCD",1
"EVW",1
"PROCES",1
"AP",8
"OI",2
"GEIH",2
"UCE",2
"NLP",3
"NAG",3
"RIER",1
"MEC",1
"RMS",1
"HPV",1
"TMT",1
"Tnc",1
"EPR",2
"PCNA",3
"DHCC",1
"CoRIS",1
"DFO",1
"kD",1
"BPAQ-MI",1
"HNF",1
"Au",1
"POCAA",1
"CHO",1
"T/E",1
"SDI",1
"CTT",1
"EMPP",1
"MUSIC",1
"RIETE",1
"VMNI",1
"MAT",2
"EAV",1
"SCID",1
"ETMA",1
"HPAF",1
"CEAh",1
"EFED",1
"FR",4
"PV",2
"IGEV",1
"RFB",1
"CAMCOG",1
"BPYR",1
"SN",4
"ISD",1
"IMSS",2
"EV-A71",1
"CO",1
"TDP",1
"MNIO",2
"PCM",2
"LDH",1
"BRA-II",1
"TIP",1
"ORs",1
"HD",1
"VFG",1
"Fontana",2
"ISVP",1
"GPAA",1
"B. P.",1
"RVDD",1
"R24",1
"S.H.U.",1
"CMLALM",1
"TAR",3
"EM",5
"CEBQ",1
"DPNC",1
"VPH-AR",2
"NED",1
"B/N",1
"RVN",1
"SEMN",1
"BGN-MR",1
"SENR",1
"INNN",1
"NBT",1
"O.M.S.",1
"AQ20",2
"SDF",1
"BLOC",1
"ECh",1
"ECIRyC",1
"RMf",1
"FDG",1
"TECC",1
"SCARTD",1
"ASAS-R",1
"AC",4
"UCN",1
"AMFE",1
"UTAC",1
"C.E.A.",1
"UC",2
"TDA",2
"SNEM",1
"IAAS",2
"ESG",1
"NIVa",1
"BIS",1
"LVQOL",1
"ANCA-PR3",1
"MRT",1
"TR",3
"IPI",1
"RBC",1
"DAA",1
"PEFEX",1
"AFE",1
"ECP",1
"SINAN",1
"SAAC",1
"PBI",2
"BQs",1
"REALSICA",1
"G.T.",1
"GI",2
"UME",1
"SDR",2
"T. cruzi",1
"L+",1
"IBP",2
"IC95%",4
"ED",1
"MOSPSC",1
"EE",6
"SEGHNP",1
"IVU",1
"ES/E",1
"ASLO",1
"PS",5
"FEPPI",1
"naloxona",1
"DDDs",1
"ACMPV",1
"RACat",1
"CCHS",1
"UPDRS",2
"PRC",1
"PADS",1
"As3MT",1
"NMPc",1
"LMR",1
"RCUI",1
"BoNT-A",1
"CFC-GM",1
"URO",1
"A.R.",1
"NIE III",1
"peso kg",1
"BP",4
"HAS",1
"VCO",1
"SIRI",1
"MeSH",2
"IDB",1
"DMT",1
"GVML",1
"UPA",1
"UVBBE",1
"AMINE",1
"GEE",1
"TCE",3
"DIU's",1
"CPAQ",1
"NUT",1
"AAAR",1
"FPS",1
"CEMPV",1
"GLAITH",1
"MDS",1
"MEN 1",1
"MBSRQ",1
"TPSPT",1
"DPNT",1
"URMES",1
"SNS",3
"SNI",2
"plan AUGE",1
"NRS-2002",1
"RPC",2
"Tg",1
"EET",2
"UREA",1
"OnabotA",2
"Ensanut",1
"UCIP",4
"IECA",2
"HPM",1
"UAM",1
"TAN",1
"VHB",2
"FIS",1
"CUCI",3
"PANDA",3
"PM",1
"NMDAR",1
"SHC",1
"TMI-MC",1
"TCA",4
"MCA",2
"PET-FDG",2
"EHI",1
"PPA",1
"IFN",1
"RENAVE",1
"As",1
"SRO",1
"DVD",1
"PHH",1
"OPELUCE",1
"ITSD",1
"GIHV",1
"NCC",1
"CAPS",2
"CDI",1
"PC/E",1
"AVPP",1
"VGS-GP",1
"AOMI",1
"Rn",1
"FES",1
"CARTO",1
"ORN",1
"FLIPC",1
"ACAOS",1
"E C",1
"HPRL",1
"TG",2
"HOMI",1
"INEN",1
"ReMeFA",1
"PDSQ",1
"RVM",1
"Hp",1
"DBG",1
"SENACREDH",1
"ESL",1
"EVA",3
"y III",1
"MXT",1
"CU",2
"CH",1
"TC",5
"TH",3
"ditizona",1
"LCP",1
"GECSEN",1
"UPV",1
"FAT",1
"PRES",1
"FDF",1
"IMCEST",2
"RNM",2
"SOCHIPE",1
"MCF",2
"CES",1
"RNTI",1
"VHA",1
"CVF",1
"CD44s",1
"CCRm",1
"NMDA",1
"PG",2
"r.i.a.",1
"ECE",1
"AMEU",1
"SSPA",1
"ACGs",1
"I.R.C.",1
"NEC",2
"TAO",2
"parte I",1
"ATINA-EPOC",1
"UMRF",1
"PAEAFT",1
"CTOG",1
"SiFO",1
"ETE",1
"CMNS",1
"GEHBTA",1
"AVG",1
"UPE",1
"STID",1
"UTIP",1
"ACP",1
"RAM",1
"SAVC",1
"IB",1
"GAFI",1
"VIH 2",1
"MG",2
"SIB",1
"IAM",2
"HB",2
"UPI",1
"ETAP",1
"CENATMER",1
"SEIP",1
"TCI-R",2
"AS",3
"MF",4
"T.T.L.E.",1
"NPD",2
"RIUPS",1
"NNH",1
"L.",1
"Remicade",1
"DER",1
"BDI",1
"APSO",1
"UCEU",1
"PTH",3
"ESPII",1
"EODD",1
"NAC",3
"PRP-T",1
"HIT-6",1
"DMNID",2
"EL",1
"FEFCO2",1
"SA",4
"IAH",2
"DNU",1
"FRC",4
"IDR",2
"GESIDA",2
"RNP",1
"SEMTSI",1
"RNT",1
"AEBI",2
"E. M.",1
"ENI",1
"CyL",1
"Hib",2
"DON",1
"CPT",1
"TET",1
"SAT",2
"TT",2
"CMTES",1
"HLP",1
"ERGE",1
"GlicA",1
"AR",2
"RHR",1
"PRONAP",1
"QTneo",1
"QP",1
"FCT",1
"BIA",1
"LEOC",2
"MAE",1
"ENAHO",2
"ACZ",1
"IVPH",1
"DDc",1
"SAdE",1
"SCB",1
"DPC",2
"RCP",3
"TBC",1
"PET-TC",1
"RTU",1
"EHS",1
"AINP",1
"SAEI",1
"APC",2
"RPA",1
"C.R.D.",1
"CMSL",1
"CONUT",2
"HUM",1
"HCC",3
"AMMOM",1
"GEM",1
"FEM",1
"Tnc-as",1
"MIR",3
"CERCA",1
"GIMC",1
"Tm",1
"ALTE",1
"beta 2M",1
"FAE",1
"I.A.A.S.",1
"LV",1
"HPMF",1
"AEEF",1
"CCR",4
"MUST",1
"TAC",3
"SENSAR",1
"THC",2
"SEMP",2
"GETIM",1
"MEDAPROC",1
"NST",1
"UMAE",1
"MPS-II",1
"CPN",2
"Primates",1
"ENDORSE II",1
"PIB",1
"EPOC",2
"LPV",1
"A.C.A.D.",1
"puros",1
"EMEA",1
"NN",1
"EMAD",1
"APRI",1
"DPA",2
"VGS",1
"UNC",1
"CEAPE",1
"LHR o/e",1
"ANC",1
"AISBE",1
"PDQ",1
"AD8",1
"HF",1
"media",2
"CapPsi",1
"CDM",1
"SNO",1
"RAC",1
"CEC",1
"DDD I-131",1
"GEHPY",1
"VIH-2",2
"FONASA",1
"tipo I",1
"PFA",1
"IRC",1
"C-LDL",1
"IL-2r",1
"COPD-PS",1
"VCI",1
"SLE",2
"PIM",2
"PIO",1
"GEDSRT-VHC",1
"ASR",1
"cisplatino",1
"NFPVC",1
"MHib",1
"AVPMP",1
"VN",1
"ETEC",1
"IP",3
"TQE",1
"UCIN",2
"EPIC",3
"AE",4
"CFNR",1
"CLDL",1
"RCT",2
"EACD",1
"VSG",2
"DLD",1
"AEMPS",2
"HDC",2
"TEV",1
"OOS",1
"SU",2
"MILD",1
"TDC",2
"EAE",1
"WOS",1
"SD",2
"EPL",1
"LSM",1
"ICNV",1
"SH",1
"APH",1
"S. aureus",1
"ST",3
"ICAM",1
"HI B",1
"ML",2
"SO",1
"E.C.P.S.",1
"BROM",1
"ENG",1
"TMN",1
"SEH-LELHA",1
"PEIMCP",1
"GLP-1",1
"TCPH",1
"CAN",1
"EPES",1
"ACI",1
"THO",1
"CISCA",1
"O/SP",1
"C.",1
"CMBD",1
"PrPC",1
"LHR O/E",1
"VSGGP",1
"DME",1
"RMP",1
"M-CTS",1
"DMBVC",1
"ADVISE",1
"VPH",3
"TNC",1
"TnT-as",1
"MLG",1
"CGEO",1
"AD-QT",1
"NT",1
"OCB",1
"RSM",1
"W-P-W",1
"NTB-A",1
"RI",2
"DTM",1
"TARAA",1
"nan",0
"MSL",1
"HGNA",1
"MP",2
"Inca",1
"EBH",1
"SIVFRENT-A",2
"TVC",1
"HCP",1
"PROA",3
"HPP",1
"HT",1
"AESP",1
"TUG",1
"SUP",3
"CPA",1
"TCH",1
"EUGMS",1
"es",2
"MUSIQ",1
"AKQoL",1
"M.E.P.",1
"CUMS",1
"CPH",2
"EVC",2
"DRESS",1
"ABA",1
"BGN",1
"ZBS",2
"ENCA",1
"GER",2
"D.V.T.A.",1
"BCG",2
"HTAS",1
"MCH",1
"CEIPC",2
"IOF",1
"MMORPG",1
"CHUA",1
"PINSAP",1
"IMSI",1
"PFH",1
"PMK-RD",1
"IRI",2
"kcal",1
"III",1
"GF",1
"EIPID",1
"NMO",1
"MNNG",1
"MGH-SFQ",1
"FUE",1
"NL",3
"RENAHTA",1
"CMS",1
"LABC",1
"COPCORD",1
"RVR",1
"RMM",2
"CHAL",1
"PRMs",1
"VOCI",1
"ISC",1
"GRS",1
"TDO",1
"MOS-HIV",1
"CRC",1
"CAST",1
"FLL",1
"PRFA",1
"DS",2
"BMN",1
"TRR",2
"Cetacea",2
"MEV",1
"MBC",1
"PAF",1
"DEI",1
"TPN",1
"CIF",1
"CRONOS",1
"RVUPS",1
"PRISMA",1
"EEPP",1
"BPIC-SS",1
"VHS-1",1
"NSA-16",1
"RHC",2
"LAMG",1
"MTRR",1
"NORMACODEM",2
"SENEC",2
"NEM",1
"RFCE",1
"IE",2
"SOCHICAR",1
"SLAGO",1
"LAM",3
"GNRP",1
"VCN7",1
"CVC",3
"ICG",1
"FRTG",1
"NEWSQOL",1
"LM",3
"TAMIS",1
"BU",1
"ISO",1
"SVP",1
"INSP",1
"MBI-C",1
"DHA",1
"E.R.G.",1
"ENV",1
"UIECP",1
"UMF 171",1
"CFC",1
"RIE",1
"LEOCH",1
"ENSM",2
"SARM-Co",1
"CTAT",1
"TNO",1
"INSN",1
"DMC",1
"DD",1
"PSA",1
"HTIC",1
"DHEA",1
"ADMMR",1
"FVP",1
"CIRR",1
"TVE",1
"ID",1
"GEEP",1
"semFYC",1
"EAJ",1
"PRM",1
"REA",1
"SOP",2
"DCC",1
"BETA",1
"EAR",1
"BPTR",1
"DBH",1
"EAP",2
"CAD",1
"TARMA",1
"C.U.A.A.",1
"AAST",1
"TCM",1
"GE",1
"GRP",1
"EAM",1
"D.C.I.",1
"rcmc",1
"ASO",1
"H.D.A.",2
"ARAHIP",1
"MVL",1
"SPD",1
"DRE",1
"NPDE",1
"BVS",1
"FN",1
"GLADP",1
"ICH",1
"IMV",1
"BS",2
"CLIEIS",1
"INSS",1
"EICH",1
"T.E.M.",1
"DFT",2
"CUS",1
"RAS",1
"VCS",1
"HB Ag",1
"Treg",1
"Lp-X",1
"P-P",1
"IPP",1
"MIRAP",1
"GTEB",1
"miARN",1
"AQD",1
"PPT",2
"CMFP",1
"RVI",1
"ILAE",1
"RPAD",1
"QT",1
"CrS",1
"RN/DN",1
"REAP",1
"DPAE",1
"GMP",1
"MC-1",1
"ARCO",1
"PANCCO",1
"PCA",1
"GIMINO",1
"UNITEC",1
"RCVG",1
"TCGA",1
"DM-1",1
"NPH",1
"DAM",1
"COX-2",2
"D.C.R.",1
"COSFAMM",1
"SS",3
"EnT",1
"VEB",1
"CEAR",1
"P.T.C.",1
"SDSCA",1
"CFA",1
"ETN",1
"TAVEC",1
"ICT",1
"HZ",1
"ACT",2
"PMC",1
"MGIT",1
"CPL",1
"ATC",2
"ACOD",1
"LCR",4
"PGER",1
"RGE",1
"ENT",1
"SDRI",2
"VRP",1
"DAI",1
"Nevil",1
"IF",1
"CERFB",1
"TGP",1
"ECVs",1
"IAMEST",1
"SSHDC",1
"GES",1
"Pisces",1
"DCoL",1
"CVNMI",1
"SQLS",1
"TBP",1
"NHG",1
"CHUC",1
"PC",6
"TCPS",1
"R.T.U.",1
"VIP",2
"SES",1
"ASA",2
"DAQ",1
"GEITDAH",1
"COMESEM",1
"ADHD-RS-IV",1
"SICA",1
"AIS",1
"RH",1
"PP",1
"EIM",1
"SVCR",1
"ROLL",1
"ETC",1
"GETH",1
"IMA",1
"MIQ",1
"MRV",1
"RST",1
"HSP-90",1
"SCP",1
"FHD",1
"SED",1
"S.P.O.D.",1
"IDP",1
"TNE",1
"CIMEC-V",1
"DVE",1
"SB",1
"EAD",2
"SCOFF",1
"He-Ne",1
"AIMA",1
"ABP",1
"GCED",1
"INNSZ",1
"MU",1
"NSRR",1
"PHM",1
"RECAVA",1
"P.A.D.",1
"PNB",1
"M.I.T.",1
"SCAS",1
"Neuro-ACMI",1
"FVV",1
"PAS",2
"MT",3
"CRIR",1
"US",2
"DSM",1
"PPC",1
"ERV",1
"ELCP",1
"CSPL",1
"CVL",1
"AMB",1
"PP5",1
"DPBE",1
"TDEH",1
"ATP III",1
"ENDS",1
"PCV",1
"DCR-E",1
"HSV-2",1
"GCAO",1
"SAGE",1
"REM",1
"H.I.",1
"GMFM",1
"IPM",1
"GIM",1
"CTCA",1
"THAM",1
"Tp",1
"RR",3
"A.S.",1
"VIH-1",3
"HP",3
"HTP",1
"EAs",1
"SEMICYUC",2
"LRH",1
"VEE",1
"SACN",1
"TMFT",1
"PIC",2
"SBA",1
"REGITELL",1
"CFP",1
"ARP",1
"IISP",1
"SABE",1
"ECN",2
"IMAO",1
"ICCQ",1
"SRAA",1
"MEB",1
"HIV",1
"MER",1
"SHO",1
"Es",1
"MMA",1
"IRAB",1
"mipth",1
"IL-2",1
"TSP",1
"CSS",1
"IRT",1
"VGE+VGA",1
"UFPE",1
"GEECV",1
"NPp",1
"SCIVDc",1
"WISCI",1
"RITA",1
"MAC",1
"VBTF",1
"OB",1
"SCU",1
"I-PSS",1
"A.T.P.",1
"TARV",2
"di",1
"GIDSEEN",1
"atenolol",1
"BA",1
"NEM I",1
"GTI-SEUP",1
"lp(a)",1
"PCSK9",1
"SEEDO",1
"UI",1
"vHIT",1
"HLAV",1
"IPL",1
"EFG",1
"OBQ-CV",1
"TVP",1
"EFBA",1
"CEA-N",1
"PAC",2
"VAG",1
"E.T.S.",2
"FIWOS",1
"CONIN",1
"PERSTEMI",1
"LI",1
"TDI",1
"UITB",1
"MORTAR",1
"I.A.E.",1
"CuSEMF",1
"AEDV",1
"EAEH",1
"ECPP",1
"SPO",1
"TaETM",1
"TTPA",2
"RCE",2
"FM",1
"ATSA",1
"E.M.I.H.",1
"Nematoda",3
"AHA",1
"RRE",1
"Aecosan",1
"TCMD-16",1
"DTA",1
"TMG",1
"ETA",1
"ICFEP",1
"IRCV",1
"PET/CT",3
"CAP",1
"e.i.i.",1
"ATB",1
"COR",1
"P.E.M.A.",1
"LE90",1
"PPcH",1
"DCM",1
"RG",3
"PALOC",1
"Igs",1
"HPS",1
"OAB-FIM",1
"VCM",1
"VM",1
"MINSA",1
"Parte I",1
"AP-CP",1
"Grupo PRE",1
"CA195",1
"TdM",1
"ZNO",1
"CIA",2
"mMRC",1
"TRO",1
"PAA",1
"PSMAR",1
"EULA",1
"TSN",1
"OAK",1
"PEP",1
"SIADH",2
"EGB",1
"SAMU",1
"MLC",1
"apoE",1
"SRAS",1
"APS",1
"USSB",1
"gtc",1
"FUCD",1
"normopeso",1
"MMC",1
"NAVM",1
"NoTD",1
"STP",1
"MAV",1
"SVS",1
"SEPEAP",1
"BCS",1
"ITS-AC",1
"SMD",2
"QOL-AD",1
"CQ",1
"PAIS",1
"SEPN1",1
"EPO",1
"DCA",1
"NPA",1
"C.P.R.E.",1
"NICE",1
"ADO",1
"SNC",1
"TP",1
"CVRS",1
"CBTMO",1
"I.P.I.",1
"U.A.M.",1
"A.H.F.",1
"I.",1
"Hb",2
"SNT",2
"MCC-Spain",1
"AST",1
"CPCNM",1
"GEEEAAC",1
"QTI",1
"YY-1",1
"EAT",2
"Pt",1
"GID",1
"AVB",1
"TSOG",1
"TM",1
"DSA",1
"RECAMA",1
"IAMSEST",1
"TPG",1
"ZAP",1
"LCD",1
"HACMLE",1
"IPA",1
"TCV",1
"TMI-M",1
"IRCT",1
"GSRS",1
"MLQ",1
"PRISMA-P",1
"DEIS",1
"LDX",2
"URV",1
"TAB-Di-Te",1
"ADHD-RS",1
"ECOSNA",1
"LE",1
"ODM",1
"E1",1
"I parte",1
"SAOS",2
"RBANS",1
"PGB",1
"PLT",1
"M DMQ-R",1
"IHQ",2
"SEFH",2
"GHB",1
"PMR",1
"ECRAF",1
"PMM-REDAN",1
"ReDeGi",1
"HSNS",1
"USSO",1
"AFG",1
"DOMS",1
"Glut1",1
"SILEX",1
"GETMON",1
"GWAS",1
"WAST",1
"DM2",2
"ETS",1
"eas",1
"URS-F",1
"EHE",1
"SIVELCE",1
"ABiF",1
"GEW",1
"GTEI",1
"MOAR",1
"ZN",1
"USEB",1
"SCI",1
"EPRCD",1
"HTA-ALERT",1
"SAEN",1
"GMFCS",1
"UTM",1
"EV-D68",1
"RC",2
"PVD",1
"CDT",2
"HoNOS-LD",1
"C.P.",1
"DPPI",1
"P.B.T.E.P.",1
"IgA",1
"EEH",2
"ZDV",1
"SIC",1
"FHA",1
"MMAE",1
"SRHI",1
"UMI",1
"SICAP",1
"BXO",2
"DZ",1
"RT",1
"SGC",1
"CAM",2
"QAPAQ",1
"HRV",1
"HA",1
"REGESMOHS",1
"TEPROSIF",1
"NISS",1
"CHEP",1
"DID",1
"SVSR",1
"EB",2
"EEG-V",1
"IAM-CEST",1
"Argentina",1
"GCC",1
"REGEMOHS",1
"S.M.S.L.",1
"CDC",1
"PHHF",1
"PAPTAF",1
"AMFR",1
"EPT",1
"NACO",1
"CCINSHAE",1
"DEP",1
"NK",1
"Lu.",1
"TSP- 1",1
"AMP",1
"EOM",1
"DHD",1
"TCL",1
"IPK",2
"SRE",1
"NUSFPS",1
"RACHS",1
"SIGN",1
"F.L.A.P.",1
"SA-C",1
"PAIA",2
"OA",2
"SNRE",1
"PLE",1
"IPPB",1
"PAN",2
"EIC",1
"INPer",1
"TEM",2
"ISS",1
"FEVD",1
"UID",1
"EVLD",1
"ESNPCT",1
"PSL",1
"SF-36",1
"coils",1
"ERCO",1
"PDQ-4+",1
"VG",2
"ISSLA",1
"N2 LIQ.",1
"IL-18",1
"IMCO",1
"PTA",1
"IPS",1
"PEAC",1
"ERT",1
"AFS",1
"SENEP",1
"EMC",1
"CES-D",2
"PD",1
"SAMR-C",1
"Mesh",1
"ACG",1
"NRS- 2002",1
"EPC",1
"FOS",1
"AM",3
"EUA",1
"CBM",1
"C.I.E.",1
"MRP",1
"MFS",1
"IAL",1
"DNN",1
"AAMCC",1
"EED",1
"C.A.V.",1
"SELDI",1
"DDAVP",1
"SCIE",1
"LB",1
"RAF",1
"RLM",1
"ERO",1
"LQ",1
"GEIS",1
"PPS",1
"EEG-PS",1
"ERIDA",1
"PTT/SUH",1
"ELT",1
"EPP",1
"AGF",1
"ARNm",1
"SEA",1
"SALVAR",1
"Sintrom",1
"iueff",1
"IgM",1
"DG6F",1
"RME",1
"ADS",1
"SPCD",1
"PTG",1
"TAB",3
"GEEDP",1
"D.M.H",1
"VH",1
"TUS",2
"SIRS",1
"IL6",1
"ITRD",1
"TOC",1
"GREC",1
"LTSV",1
"controles",1
"EG",2
"RENAPREC",1
"I.R.F.T.",1
"EADV",1
"TFEQ",1
"HY",1
"AREDA",1
"PVV",1
"DUSOI",1
"rango",1
"AVD",1
"RV5",1
"p&lt",2
"CEM",1
"CFQ",1
"P/T",1
"FISTAC",1
"EEB",1
"NCV",1
"SEGA",1
"AO",1
"IAP",1
"PEECU",1
"QETA",1
"ELCSA",1
"HTVC",1
"GBS",1
"LU",1
"HUM Mederi",1
"DPN",1
"EpS",1
"MBI",1
"BGNNF",1
"INQoL",1
"NP",2
"NSSS",1
"maapa",1
"NBI",1
"EAC",1
"APMP",1
"HISF",1
"MAI",1
"HDI",1
"INCMNSZ",1
"CMV",2
"PL",1
"SL",1
"ENIGH",1
"CHUVI",1
"PEV",1
"PTUIP",1
"ITUF-AS",1
"TCP",1
"IDCV",1
"D.A.T.C.",2
"IRAG",1
"PGC",1
"FHF",1
"BACOVA",1
"RECCyL",1
"RMN",1
"MLA",1
"RNICP",1
"IIM",1
"S.D.R.I.",1
"ER-IgG4",1
"PART",1
"DPNNC",1
"OT",1
"iPCSK9",2
"RA-LMMR",1
"CMO",1
"ESPA",1
"CBCL/1.5-5",1
"ISAR",1
"HN",1
"SDS-R",1
"L-ASP",1
"SW",1
"GV",1
"APPCC",1
"BC",1
"PCHP",1
"EIP",1
"VRS",2
"SPA",1
"VSR",1
"ATPO",1
"Mch",1
"ASIA",1
"RV",1
"RIPQPT",1
"DHAS",1
"NDM",1
"SIOP",1
"SON",1
"STA",1
"GEVA",1
"VDVB",1
"DBCP",1
"C.C.",1
"CaM",1
"Dx/HA",1
"REVAC",1
"ECNEI",1
"K-M",1
"IU",1
"CAV-AEP",1
"ACD",1
"TIR",1
"TDR",1
"MPVh",1
"NLP-CR",1
"VDA",1
"Co",1
"ASIS",1
"O.I.",1
"SENP",1
"DSE",1
"PpR",1
"SAFP",1
"Acari",2
"E.E.P.",1
"PCE",1
"CHB",1
"FINC-NA",1
"IIU",1
"CPTD",1
"C.G.T.",1
"CIV",2
"CPRM",1
"CFTNM",1
"DE 31.52",1
"ERCT",1
"FDAEI",1
"GGT",1
"AUM",1
"EHEC",1
"UVI",1
"DMSO",1
"EvW",1
"PICI",1
"edad media",1
"ER",1
"EMBL",1
"B.R.",1
"ICV",1
"EAPAF",1
"c-HDL",1
"Rop",1
"SPSC",1
"UCEM",1
"ENH",1
"ICIQ-SF",1
"MTP",1
"DE 3,8",1
"VMA",1
"GENI",1
"WURS",1
"AEEH",1
"TCSS",1
"LANL",1
"SChS",1
"HECMNSXXI",1
"HET-CAM",1
"Chile",1
"MEN 2",1
"VMI",1
"ARM",1
"Guatemala",1
"HNHU",1
"GRECA",1
"AH",1
"SMet",1
"SCN",1
"CAFYD",1
"ASSIST",1
"NCT",1
"R.T.C.",1
"TTVCI",1
"IMP",1
"TIAM",1
"SEHER",1
"ICNND",1
"RSIM",1
"IES",1
"MEF",1
"SURPS",1
"PCAV",1
"PF",1
"VSG-GP",1
"EMM",1
"LEG",1
"AMA",1
"FLPNS",1
"MTs",1
"TSFR",1
"HICORIN®",1
"PCRus",1
"RMC",1
"NOX",1
"HGC",1
"AyR",1
"FAP",2
"PNS",1
"URANO",1
"Zn",1
"IDL",1
"ASPB",1
"SOAT",1
"ECI-4",1
"AIC",1
"DMA",1
"DVA",1
"NNN",1
"RDoC",1
"LD",1
"PEPSI",1
"PVA",1
"SOM",1
"LJ",1
"EC-PC",1
"I.E.I.",1
"NNIS",1
"Grupo ED",1
"UMF",1
"FANs",1
"DIGS",1
"PRESENCIAP",1
"VFD",1
"EII",2
"PB",1
"REV-7d",1
"FRV",1
"SIER-CV",1
"RETOSS",1
"GATE",1
"SWH",1
"SIR",1
"PTI",2
"SPPB",1
"Me",1
"ARA-II",1
"CPE",1
"TRUS",1
"ISPLN",1
"A.G.A.",1
"AMS",1
"LIO",1
"SERUMS",1
"HSJO",1
"SJ",1
"C.R.",1
"EPAE",1
"UNP",1
"PAE",1
"BZD",1
"ABSST",1
"VHD",1
"DAU",1
"Ca",1
"IAMCEST",1
"EUBE",1
"POP",1
"SEYLE",1
"BRIEF",1
"MAT/SET",1
"c-LDL",1
"UNCyD-SEyN",1
"SiDUP",1
"BPM",1
"ICA",1
"FLAP",1
"GEMA",1
"COCT",1
"ENS",1
"LMNT",1
"AgsHB",1
"IGVPH",1
"TGR",1
"DAFO",1
"E.T.",1
"mapa",1
"ISUP",1
"R CIU",1
"VPI",1
"ILE",1
"AD",1
"TCMC",1
"PFT",1
"ESI",1
"HIS",1
"ESCA",1
"EEII",1
"DFTvc",1
"CGI",1
"L/E",1
"PDAs",1
"NPI",1
"WOK",1
"FOP",1
"GFA",1
"CETON",1
"E. P.",1
"UASLP",1
"IV",1
"APA",1
"AST-M",1
"PAIME",1
"Alb",1
"ADC",1
"I.C.S.S.",1
"CFCGA",1
"GCS",1
"HUVN",1
"SECAC",1
"DAS28a",1
"ACH",1
"ICSH",1
"tipo II",1
"SASM",1
"NADYA",1
"SNPs",1
"DSG",1
"DUL",1
"CCi",1
"SLTA",1
"FAL",1
"FRA",1
"I.C.V.",1
"CORA",1
"CQC",1
"DERA",1
"A.R.J",1
"TDAH–",1
"LCFA",1
"CIE-10",1
"EAA",1
"CPQ-A",1
"PVIH/sida",1
"pertofrana",1
"HMB",1
"SWB",1
"UNO",1
"MBE",1
"GPSIDA",1
"HEK",1
"CSP",1
"2-AT",1
"SEC",1
"TC6M",1
"GEMPPZ, AP",1
"EEP",1
"LA/RC",1
"pH1N1",1
"UEGW",1
"Spain-RDR",1
"TSA",1
"BT",1
"Cis-Pt",1
"RCIU",1
"SNSAF",1
"CPV_2011",1
"AVK",1
"GESITRA",1
"SGB",2
"GEDEAS",1
"HGCH",1
"ADVP",1
"E. coli",1
"EDO",1
"JWC",1
"DEH",1
"PPAC",1
"MPMN",1
"RAQoL",1
"TTC",1
"VPM",1
"ECCA",1
"PgE2",1
"E.A.E.",1
"SF-LDQOL",1
"LCAT",1
"ENSA",1
"A/EEG",1
"RVU",1
"FMMR",1
"TURis",1
"CABA",1
"Ag-VIH",1
"CIE 10",1
"SNE",1
"EDAH",1
"API",1
"BMNB",1
"PHCT",1
"AKE",1
"MALT",1
"NAS",1
"SAMR-ac",1
"TQ",1
"GCNE",1
"EU",1
"y IV",1
"DAP IV",1
"BAC",1
"DEA",1
"FSM",1
"EKI",1
"TaDiCS ®",1
"GVL",1
"CELADE",1
"ESCID",1
"IMCr",1
"TFC",1
"IRB-RAT",1
"MLPA",1
"FP-CIT",1
"VACTE",1
"IM",1
"ReMeFa",1
"DIPI",1
"UCMA-CE",1
"HM",1
"BSFI",1
"MIA",1
"HCF",1
"OCD",1
"NAAG",1
"LDL",1
"ASI-6",1
"OSAS",1
"PNET",1
"EMS",1
"LCE",1
"SEE",1
"ATCC",1
"Mn-SOD",1
"SPSS",1
"BNS",1
"PCRE",1
"CAA",1
"ILT",1
"ZSV",1
"LF",1
"RNHMD",1
"dm",1
"Plan AUGE",1
"UNAM",1
"PEPAF",1
"I.V.I.",1
"FESNAD",1
"ESAD",1
"FAME",1
"OAI",1
"pHi",1
"PTTA",1
"LSSC",1
"PCCM",1
"CCS",1
"HDA",1
"MAP",1
"I.R.A.",1
"EVCi",1
"SCS",1
"MPN",1
"LER",1
"FANV",1
"FCRS",1
"DPE",1
"ELEP",1
"IED",1
"escopean",1
"EVRD",1
"EuSEM",1
"EAT-40",1
"AHAI",1
"PNA",2
"C.C.F.",1
"BBP",1
"LARCE",1
"VPN",1
"HTO",1
"GEQ",1
"VNG",1
"EVB",1
"Pap",1
"Dng",1
"UISI",1
"SLF",1
"INE",1
"CGI-S",1
"ACCU",1
"PG-SGA",1
"NVPC",1
"DCTC",1
"EFI",1
"HSC",1
"TUI",1
"LEI",1
"ITUF",1
"D.F.",1
"MMM",1
"IMPA",1
"S.D.J.",1
"AAA",1
"SII",1
"ADH",1
"IET",1
"UO",1
"TAS",1
"ARL",1
"BAAF",1
